{"cameraMode":{"drawMode":0,"name":"Shaded","section":"Shading Mode"},"sceneLighting":true,"audioPlay":false,"sceneViewState":{"showFog":true,"showMaterialUpdate":false,"showSkybox":true,"showFlares":true,"showImageEffects":true,"showParticleSystems":true},"in2DMode":false,"pivot":{"x":-1.6270337104797364,"y":1.1701836585998536,"z":-0.7313590049743652},"rotation":{"x":0.36485403776168826,"y":0.01033618301153183,"z":-0.004050797317177057,"w":0.930998682975769},"size":8.501431465148926,"orthographic":false}