{"cameraMode":{"drawMode":0,"name":"Shaded","section":"Shading Mode"},"sceneLighting":false,"audioPlay":false,"sceneViewState":{"showFog":true,"showMaterialUpdate":false,"showSkybox":false,"showFlares":true,"showImageEffects":true,"showParticleSystems":true},"in2DMode":false,"pivot":{"x":-10.868085861206055,"y":0.22078847885131837,"z":-0.35609889030456545},"rotation":{"x":0.21734687685966493,"y":0.6539292931556702,"z":-0.20443561673164369,"w":0.6952286958694458},"size":3.3982880115509035,"orthographic":false}